filepath,label
data/raw/train/9/img_00000.png,9
data/raw/train/8/img_00000.png,8
data/raw/train/9/img_00001.png,9
data/raw/train/1/img_00000.png,1
data/raw/train/1/img_00001.png,1
data/raw/train/9/img_00002.png,9
data/raw/train/9/img_00003.png,9
data/raw/train/7/img_00000.png,7
data/raw/train/0/img_00000.png,0
data/raw/train/7/img_00001.png,7
data/raw/train/6/img_00000.png,6
data/raw/train/7/img_00002.png,7
data/raw/train/2/img_00000.png,2
data/raw/train/6/img_00001.png,6
data/raw/train/0/img_00001.png,0
data/raw/train/4/img_00000.png,4
data/raw/train/4/img_00001.png,4
data/raw/train/5/img_00000.png,5
data/raw/train/5/img_00001.png,5
data/raw/train/0/img_00002.png,0
data/raw/train/1/img_00002.png,1
data/raw/train/8/img_00001.png,8
data/raw/train/5/img_00002.png,5
data/raw/train/4/img_00002.png,4
data/raw/train/1/img_00003.png,1
data/raw/train/8/img_00002.png,8
data/raw/train/4/img_00003.png,4
data/raw/train/2/img_00001.png,2
data/raw/train/7/img_00003.png,7
data/raw/train/8/img_00003.png,8
data/raw/train/7/img_00004.png,7
data/raw/train/1/img_00004.png,1
data/raw/train/6/img_00002.png,6
data/raw/train/0/img_00003.png,0
data/raw/train/3/img_00000.png,3
data/raw/train/6/img_00003.png,6
data/raw/train/4/img_00004.png,4
data/raw/train/4/img_00005.png,4
data/raw/train/1/img_00005.png,1
data/raw/train/1/img_00006.png,1
data/raw/train/9/img_00004.png,9
data/raw/train/5/img_00003.png,5
data/raw/train/7/img_00005.png,7
data/raw/train/9/img_00005.png,9
data/raw/train/8/img_00004.png,8
data/raw/train/7/img_00006.png,7
data/raw/train/0/img_00004.png,0
data/raw/train/2/img_00002.png,2
data/raw/train/1/img_00007.png,1
data/raw/train/6/img_00004.png,6
data/raw/train/7/img_00007.png,7
data/raw/train/7/img_00008.png,7
data/raw/train/5/img_00004.png,5
data/raw/train/3/img_00001.png,3
data/raw/train/1/img_00008.png,1
data/raw/train/0/img_00005.png,0
data/raw/train/3/img_00002.png,3
data/raw/train/8/img_00005.png,8
data/raw/train/3/img_00003.png,3
data/raw/train/6/img_00005.png,6
data/raw/train/2/img_00003.png,2
data/raw/train/2/img_00004.png,2
data/raw/train/4/img_00006.png,4
data/raw/train/0/img_00006.png,0
data/raw/train/0/img_00007.png,0
data/raw/train/9/img_00006.png,9
data/raw/train/6/img_00006.png,6
data/raw/train/5/img_00005.png,5
data/raw/train/1/img_00009.png,1
data/raw/train/7/img_00009.png,7
data/raw/train/8/img_00006.png,8
data/raw/train/8/img_00007.png,8
data/raw/train/2/img_00005.png,2
data/raw/train/8/img_00008.png,8
data/raw/train/9/img_00007.png,9
data/raw/train/9/img_00008.png,9
data/raw/train/6/img_00007.png,6
data/raw/train/8/img_00009.png,8
data/raw/train/3/img_00004.png,3
data/raw/train/4/img_00007.png,4
data/raw/train/3/img_00005.png,3
data/raw/train/8/img_00010.png,8
data/raw/train/2/img_00006.png,2
data/raw/train/7/img_00010.png,7
data/raw/train/4/img_00008.png,4
data/raw/train/9/img_00009.png,9
data/raw/train/8/img_00011.png,8
data/raw/train/6/img_00008.png,6
data/raw/train/0/img_00008.png,0
data/raw/train/6/img_00009.png,6
data/raw/train/9/img_00010.png,9
data/raw/train/7/img_00011.png,7
data/raw/train/3/img_00006.png,3
data/raw/train/0/img_00009.png,0
data/raw/train/2/img_00007.png,2
data/raw/train/0/img_00010.png,0
data/raw/train/6/img_00010.png,6
data/raw/train/5/img_00006.png,5
data/raw/train/3/img_00007.png,3
data/raw/train/6/img_00011.png,6
data/raw/train/9/img_00011.png,9
data/raw/train/3/img_00008.png,3
data/raw/train/1/img_00010.png,1
data/raw/train/1/img_00011.png,1
data/raw/train/2/img_00008.png,2
data/raw/train/5/img_00007.png,5
data/raw/train/6/img_00012.png,6
data/raw/train/9/img_00012.png,9
data/raw/train/9/img_00013.png,9
data/raw/train/4/img_00009.png,4
data/raw/train/6/img_00013.png,6
data/raw/train/3/img_00009.png,3
data/raw/train/5/img_00008.png,5
data/raw/train/0/img_00011.png,0
data/raw/train/8/img_00012.png,8
data/raw/train/6/img_00014.png,6
data/raw/train/8/img_00013.png,8
data/raw/train/3/img_00010.png,3
data/raw/train/6/img_00015.png,6
data/raw/train/4/img_00010.png,4
data/raw/train/6/img_00016.png,6
data/raw/train/2/img_00009.png,2
data/raw/train/6/img_00017.png,6
data/raw/train/3/img_00011.png,3
data/raw/train/2/img_00010.png,2
data/raw/train/3/img_00012.png,3
data/raw/train/5/img_00009.png,5
data/raw/train/9/img_00014.png,9
data/raw/train/0/img_00012.png,0
data/raw/train/2/img_00011.png,2
data/raw/train/6/img_00018.png,6
data/raw/train/7/img_00012.png,7
data/raw/train/9/img_00015.png,9
data/raw/train/7/img_00013.png,7
data/raw/train/2/img_00012.png,2
data/raw/train/0/img_00013.png,0
data/raw/train/0/img_00014.png,0
data/raw/train/5/img_00010.png,5
data/raw/train/7/img_00014.png,7
data/raw/train/4/img_00011.png,4
data/raw/train/6/img_00019.png,6
data/raw/train/2/img_00013.png,2
data/raw/train/7/img_00015.png,7
data/raw/train/0/img_00015.png,0
data/raw/train/9/img_00016.png,9
data/raw/train/2/img_00014.png,2
data/raw/train/0/img_00016.png,0
data/raw/train/3/img_00013.png,3
data/raw/train/7/img_00016.png,7
data/raw/train/2/img_00015.png,2
data/raw/train/0/img_00017.png,0
data/raw/train/8/img_00014.png,8
data/raw/train/3/img_00014.png,3
data/raw/train/7/img_00017.png,7
data/raw/train/7/img_00018.png,7
data/raw/train/4/img_00012.png,4
data/raw/train/0/img_00018.png,0
data/raw/train/2/img_00016.png,2
data/raw/train/6/img_00020.png,6
data/raw/train/7/img_00019.png,7
data/raw/train/4/img_00013.png,4
data/raw/train/2/img_00017.png,2
data/raw/train/6/img_00021.png,6
data/raw/train/7/img_00020.png,7
data/raw/train/6/img_00022.png,6
data/raw/train/9/img_00017.png,9
data/raw/train/1/img_00012.png,1
data/raw/train/1/img_00013.png,1
data/raw/train/1/img_00014.png,1
data/raw/train/6/img_00023.png,6
data/raw/train/5/img_00011.png,5
data/raw/train/4/img_00014.png,4
data/raw/train/5/img_00012.png,5
data/raw/train/8/img_00015.png,8
data/raw/train/5/img_00013.png,5
data/raw/train/1/img_00015.png,1
data/raw/train/9/img_00018.png,9
data/raw/train/7/img_00021.png,7
data/raw/train/8/img_00016.png,8
data/raw/train/9/img_00019.png,9
data/raw/train/5/img_00014.png,5
data/raw/train/0/img_00019.png,0
data/raw/train/1/img_00016.png,1
data/raw/train/1/img_00017.png,1
data/raw/train/9/img_00020.png,9
data/raw/train/2/img_00018.png,2
data/raw/train/7/img_00022.png,7
data/raw/train/7/img_00023.png,7
data/raw/train/6/img_00024.png,6
data/raw/train/2/img_00019.png,2
data/raw/train/2/img_00020.png,2
data/raw/train/9/img_00021.png,9
data/raw/train/5/img_00015.png,5
data/raw/train/6/img_00025.png,6
data/raw/train/4/img_00015.png,4
data/raw/train/5/img_00016.png,5
data/raw/train/9/img_00022.png,9
data/raw/train/7/img_00024.png,7
data/raw/train/7/img_00025.png,7
data/raw/train/0/img_00020.png,0
data/raw/train/0/img_00021.png,0
data/raw/train/2/img_00021.png,2
data/raw/train/9/img_00023.png,9
data/raw/train/4/img_00016.png,4
data/raw/train/2/img_00022.png,2
data/raw/train/1/img_00018.png,1
data/raw/train/1/img_00019.png,1
data/raw/train/6/img_00026.png,6
data/raw/train/6/img_00027.png,6
data/raw/train/2/img_00023.png,2
data/raw/train/3/img_00015.png,3
data/raw/train/5/img_00017.png,5
data/raw/train/2/img_00024.png,2
data/raw/train/0/img_00022.png,0
data/raw/train/9/img_00024.png,9
data/raw/train/6/img_00028.png,6
data/raw/train/7/img_00026.png,7
data/raw/train/4/img_00017.png,4
data/raw/train/2/img_00025.png,2
data/raw/train/1/img_00020.png,1
data/raw/train/0/img_00023.png,0
data/raw/train/0/img_00024.png,0
data/raw/train/2/img_00026.png,2
data/raw/train/9/img_00025.png,9
data/raw/train/1/img_00021.png,1
data/raw/train/2/img_00027.png,2
data/raw/train/5/img_00018.png,5
data/raw/train/4/img_00018.png,4
data/raw/train/5/img_00019.png,5
data/raw/train/6/img_00029.png,6
data/raw/train/4/img_00019.png,4
data/raw/train/7/img_00027.png,7
data/raw/train/8/img_00017.png,8
data/raw/train/1/img_00022.png,1
data/raw/train/8/img_00018.png,8
data/raw/train/3/img_00016.png,3
data/raw/train/9/img_00026.png,9
data/raw/train/6/img_00030.png,6
data/raw/train/4/img_00020.png,4
data/raw/train/6/img_00031.png,6
data/raw/train/0/img_00025.png,0
data/raw/train/2/img_00028.png,2
data/raw/train/4/img_00021.png,4
data/raw/train/0/img_00026.png,0
data/raw/train/0/img_00027.png,0
data/raw/train/8/img_00019.png,8
data/raw/train/5/img_00020.png,5
data/raw/train/0/img_00028.png,0
data/raw/train/1/img_00023.png,1
data/raw/train/2/img_00029.png,2
data/raw/train/4/img_00022.png,4
data/raw/train/5/img_00021.png,5
data/raw/train/6/img_00032.png,6
data/raw/train/0/img_00029.png,0
data/raw/train/0/img_00030.png,0
data/raw/train/9/img_00027.png,9
data/raw/train/8/img_00020.png,8
data/raw/train/6/img_00033.png,6
data/raw/train/3/img_00017.png,3
data/raw/train/9/img_00028.png,9
data/raw/train/1/img_00024.png,1
data/raw/train/9/img_00029.png,9
data/raw/train/4/img_00023.png,4
data/raw/train/1/img_00025.png,1
data/raw/train/4/img_00024.png,4
data/raw/train/5/img_00022.png,5
data/raw/train/0/img_00031.png,0
data/raw/train/6/img_00034.png,6
data/raw/train/7/img_00028.png,7
data/raw/train/0/img_00032.png,0
data/raw/train/5/img_00023.png,5
data/raw/train/8/img_00021.png,8
data/raw/train/2/img_00030.png,2
data/raw/train/1/img_00026.png,1
data/raw/train/8/img_00022.png,8
data/raw/train/3/img_00018.png,3
data/raw/train/5/img_00024.png,5
data/raw/train/0/img_00033.png,0
data/raw/train/8/img_00023.png,8
data/raw/train/6/img_00035.png,6
data/raw/train/1/img_00027.png,1
data/raw/train/8/img_00024.png,8
data/raw/train/6/img_00036.png,6
data/raw/train/9/img_00030.png,9
data/raw/train/0/img_00034.png,0
data/raw/train/4/img_00025.png,4
data/raw/train/4/img_00026.png,4
data/raw/train/1/img_00028.png,1
data/raw/train/3/img_00019.png,3
data/raw/train/8/img_00025.png,8
data/raw/train/3/img_00020.png,3
data/raw/train/3/img_00021.png,3
data/raw/train/8/img_00026.png,8
data/raw/train/1/img_00029.png,1
data/raw/train/9/img_00031.png,9
data/raw/train/1/img_00030.png,1
data/raw/train/6/img_00037.png,6
data/raw/train/2/img_00031.png,2
data/raw/train/2/img_00032.png,2
data/raw/train/0/img_00035.png,0
data/raw/train/7/img_00029.png,7
data/raw/train/4/img_00027.png,4
data/raw/train/6/img_00038.png,6
data/raw/train/3/img_00022.png,3
data/raw/train/3/img_00023.png,3
data/raw/train/4/img_00028.png,4
data/raw/train/6/img_00039.png,6
data/raw/train/2/img_00033.png,2
data/raw/train/8/img_00027.png,8
data/raw/train/5/img_00025.png,5
data/raw/train/0/img_00036.png,0
data/raw/train/1/img_00031.png,1
data/raw/train/9/img_00032.png,9
data/raw/train/4/img_00029.png,4
data/raw/train/0/img_00037.png,0
data/raw/train/3/img_00024.png,3
data/raw/train/2/img_00034.png,2
data/raw/train/0/img_00038.png,0
data/raw/train/2/img_00035.png,2
data/raw/train/0/img_00039.png,0
data/raw/train/5/img_00026.png,5
data/raw/train/9/img_00033.png,9
data/raw/train/3/img_00025.png,3
data/raw/train/1/img_00032.png,1
data/raw/train/2/img_00036.png,2
data/raw/train/0/img_00040.png,0
data/raw/train/5/img_00027.png,5
data/raw/train/0/img_00041.png,0
data/raw/train/5/img_00028.png,5
data/raw/train/1/img_00033.png,1
data/raw/train/1/img_00034.png,1
data/raw/train/0/img_00042.png,0
data/raw/train/7/img_00030.png,7
data/raw/train/8/img_00028.png,8
data/raw/train/6/img_00040.png,6
data/raw/train/0/img_00043.png,0
data/raw/train/9/img_00034.png,9
data/raw/train/6/img_00041.png,6
data/raw/train/8/img_00029.png,8
data/raw/train/7/img_00031.png,7
data/raw/train/2/img_00037.png,2
data/raw/train/1/img_00035.png,1
data/raw/train/5/img_00029.png,5
data/raw/train/1/img_00036.png,1
data/raw/train/8/img_00030.png,8
data/raw/train/8/img_00031.png,8
data/raw/train/0/img_00044.png,0
data/raw/train/6/img_00042.png,6
data/raw/train/9/img_00035.png,9
data/raw/train/0/img_00045.png,0
data/raw/train/9/img_00036.png,9
data/raw/train/0/img_00046.png,0
data/raw/train/2/img_00038.png,2
data/raw/train/3/img_00026.png,3
data/raw/train/4/img_00030.png,4
data/raw/train/8/img_00032.png,8
data/raw/train/1/img_00037.png,1
data/raw/train/9/img_00037.png,9
data/raw/train/8/img_00033.png,8
data/raw/train/9/img_00038.png,9
data/raw/train/4/img_00031.png,4
data/raw/train/2/img_00039.png,2
data/raw/train/9/img_00039.png,9
data/raw/train/8/img_00034.png,8
data/raw/train/8/img_00035.png,8
data/raw/train/6/img_00043.png,6
data/raw/train/4/img_00032.png,4
data/raw/train/0/img_00047.png,0
data/raw/train/2/img_00040.png,2
data/raw/train/1/img_00038.png,1
data/raw/train/5/img_00030.png,5
data/raw/train/1/img_00039.png,1
data/raw/train/4/img_00033.png,4
data/raw/train/9/img_00040.png,9
data/raw/train/7/img_00032.png,7
data/raw/train/7/img_00033.png,7
data/raw/train/5/img_00031.png,5
data/raw/train/4/img_00034.png,4
data/raw/train/4/img_00035.png,4
data/raw/train/7/img_00034.png,7
data/raw/train/6/img_00044.png,6
data/raw/train/6/img_00045.png,6
data/raw/train/5/img_00032.png,5
data/raw/train/9/img_00041.png,9
data/raw/train/3/img_00027.png,3
data/raw/train/8/img_00036.png,8
data/raw/train/2/img_00041.png,2
data/raw/train/9/img_00042.png,9
data/raw/train/7/img_00035.png,7
data/raw/train/7/img_00036.png,7
data/raw/train/1/img_00040.png,1
data/raw/train/1/img_00041.png,1
data/raw/train/3/img_00028.png,3
data/raw/train/3/img_00029.png,3
data/raw/train/9/img_00043.png,9
data/raw/train/6/img_00046.png,6
data/raw/train/8/img_00037.png,8
data/raw/train/1/img_00042.png,1
data/raw/train/5/img_00033.png,5
data/raw/train/0/img_00048.png,0
data/raw/train/1/img_00043.png,1
data/raw/train/3/img_00030.png,3
data/raw/train/6/img_00047.png,6
data/raw/train/4/img_00036.png,4
data/raw/train/4/img_00037.png,4
data/raw/train/3/img_00031.png,3
data/raw/train/5/img_00034.png,5
data/raw/train/5/img_00035.png,5
data/raw/train/5/img_00036.png,5
data/raw/train/1/img_00044.png,1
data/raw/train/2/img_00042.png,2
data/raw/train/1/img_00045.png,1
data/raw/train/0/img_00049.png,0
data/raw/train/4/img_00038.png,4
data/raw/train/3/img_00032.png,3
data/raw/train/3/img_00033.png,3
data/raw/train/7/img_00037.png,7
data/raw/train/6/img_00048.png,6
data/raw/train/5/img_00037.png,5
data/raw/train/0/img_00050.png,0
data/raw/train/3/img_00034.png,3
data/raw/train/3/img_00035.png,3
data/raw/train/3/img_00036.png,3
data/raw/train/1/img_00046.png,1
data/raw/train/7/img_00038.png,7
data/raw/train/9/img_00044.png,9
data/raw/train/8/img_00038.png,8
data/raw/train/9/img_00045.png,9
data/raw/train/5/img_00038.png,5
data/raw/train/6/img_00049.png,6
data/raw/train/1/img_00047.png,1
data/raw/train/4/img_00039.png,4
data/raw/train/0/img_00051.png,0
data/raw/train/0/img_00052.png,0
data/raw/train/4/img_00040.png,4
data/raw/train/2/img_00043.png,2
data/raw/train/4/img_00041.png,4
data/raw/train/0/img_00053.png,0
data/raw/train/1/img_00048.png,1
data/raw/train/2/img_00044.png,2
data/raw/train/9/img_00046.png,9
data/raw/train/9/img_00047.png,9
data/raw/train/2/img_00045.png,2
data/raw/train/7/img_00039.png,7
data/raw/train/4/img_00042.png,4
data/raw/train/0/img_00054.png,0
data/raw/train/8/img_00039.png,8
data/raw/train/5/img_00039.png,5
data/raw/train/3/img_00037.png,3
data/raw/train/7/img_00040.png,7
data/raw/train/3/img_00038.png,3
data/raw/train/9/img_00048.png,9
data/raw/train/0/img_00055.png,0
data/raw/train/5/img_00040.png,5
data/raw/train/3/img_00039.png,3
data/raw/train/1/img_00049.png,1
data/raw/train/4/img_00043.png,4
data/raw/train/1/img_00050.png,1
data/raw/train/2/img_00046.png,2
data/raw/train/9/img_00049.png,9
data/raw/train/1/img_00051.png,1
data/raw/train/7/img_00041.png,7
data/raw/train/2/img_00047.png,2
data/raw/train/1/img_00052.png,1
data/raw/train/8/img_00040.png,8
data/raw/train/7/img_00042.png,7
data/raw/train/9/img_00050.png,9
data/raw/train/6/img_00050.png,6
data/raw/train/8/img_00041.png,8
data/raw/train/2/img_00048.png,2
data/raw/train/9/img_00051.png,9
data/raw/train/3/img_00040.png,3
data/raw/train/3/img_00041.png,3
data/raw/train/2/img_00049.png,2
data/raw/train/3/img_00042.png,3
data/raw/train/5/img_00041.png,5
data/raw/train/1/img_00053.png,1
data/raw/train/9/img_00052.png,9
data/raw/train/4/img_00044.png,4
data/raw/train/9/img_00053.png,9
data/raw/train/2/img_00050.png,2
data/raw/train/8/img_00042.png,8
data/raw/train/3/img_00043.png,3
data/raw/train/9/img_00054.png,9
data/raw/train/4/img_00045.png,4
data/raw/train/3/img_00044.png,3
data/raw/train/2/img_00051.png,2
data/raw/train/1/img_00054.png,1
data/raw/train/4/img_00046.png,4
data/raw/train/0/img_00056.png,0
data/raw/train/8/img_00043.png,8
data/raw/train/6/img_00051.png,6
data/raw/train/8/img_00044.png,8
data/raw/train/2/img_00052.png,2
data/raw/train/7/img_00043.png,7
data/raw/train/7/img_00044.png,7
data/raw/train/4/img_00047.png,4
data/raw/train/3/img_00045.png,3
data/raw/train/4/img_00048.png,4
data/raw/train/5/img_00042.png,5
data/raw/train/0/img_00057.png,0
data/raw/train/4/img_00049.png,4
data/raw/train/4/img_00050.png,4
data/raw/train/0/img_00058.png,0
data/raw/train/6/img_00052.png,6
data/raw/train/9/img_00055.png,9
data/raw/train/7/img_00045.png,7
data/raw/train/7/img_00046.png,7
data/raw/train/4/img_00051.png,4
data/raw/train/1/img_00055.png,1
data/raw/train/8/img_00045.png,8
data/raw/train/2/img_00053.png,2
data/raw/train/2/img_00054.png,2
data/raw/train/7/img_00047.png,7
data/raw/train/1/img_00056.png,1
data/raw/train/5/img_00043.png,5
data/raw/train/7/img_00048.png,7
data/raw/train/3/img_00046.png,3
data/raw/train/8/img_00046.png,8
data/raw/train/8/img_00047.png,8
data/raw/train/6/img_00053.png,6
data/raw/train/1/img_00057.png,1
data/raw/train/7/img_00049.png,7
data/raw/train/8/img_00048.png,8
data/raw/train/8/img_00049.png,8
data/raw/train/4/img_00052.png,4
data/raw/train/1/img_00058.png,1
data/raw/train/2/img_00055.png,2
data/raw/train/2/img_00056.png,2
data/raw/train/6/img_00054.png,6
data/raw/train/2/img_00057.png,2
data/raw/train/9/img_00056.png,9
data/raw/train/1/img_00059.png,1
data/raw/train/4/img_00053.png,4
data/raw/train/7/img_00050.png,7
data/raw/train/2/img_00058.png,2
data/raw/train/7/img_00051.png,7
data/raw/train/4/img_00054.png,4
data/raw/train/9/img_00057.png,9
data/raw/train/4/img_00055.png,4
data/raw/train/3/img_00047.png,3
data/raw/train/1/img_00060.png,1
data/raw/train/9/img_00058.png,9
data/raw/train/2/img_00059.png,2
data/raw/train/7/img_00052.png,7
data/raw/train/4/img_00056.png,4
data/raw/train/0/img_00059.png,0
data/raw/train/5/img_00044.png,5
data/raw/train/9/img_00059.png,9
data/raw/train/0/img_00060.png,0
data/raw/train/8/img_00050.png,8
data/raw/train/4/img_00057.png,4
data/raw/train/1/img_00061.png,1
data/raw/train/0/img_00061.png,0
data/raw/train/4/img_00058.png,4
data/raw/train/5/img_00045.png,5
data/raw/train/9/img_00060.png,9
data/raw/train/1/img_00062.png,1
data/raw/train/2/img_00060.png,2
data/raw/train/5/img_00046.png,5
data/raw/train/0/img_00062.png,0
data/raw/train/5/img_00047.png,5
data/raw/train/1/img_00063.png,1
data/raw/train/4/img_00059.png,4
data/raw/train/8/img_00051.png,8
data/raw/train/8/img_00052.png,8
data/raw/train/6/img_00055.png,6
data/raw/train/0/img_00063.png,0
data/raw/train/2/img_00061.png,2
data/raw/train/9/img_00061.png,9
data/raw/train/2/img_00062.png,2
data/raw/train/8/img_00053.png,8
data/raw/train/0/img_00064.png,0
data/raw/train/6/img_00056.png,6
data/raw/train/7/img_00053.png,7
data/raw/train/1/img_00064.png,1
data/raw/train/1/img_00065.png,1
data/raw/train/5/img_00048.png,5
data/raw/train/7/img_00054.png,7
data/raw/train/4/img_00060.png,4
data/raw/train/5/img_00049.png,5
data/raw/train/2/img_00063.png,2
data/raw/train/1/img_00066.png,1
data/raw/train/3/img_00048.png,3
data/raw/train/9/img_00062.png,9
data/raw/train/7/img_00055.png,7
data/raw/train/3/img_00049.png,3
data/raw/train/5/img_00050.png,5
data/raw/train/3/img_00050.png,3
data/raw/train/3/img_00051.png,3
data/raw/train/7/img_00056.png,7
data/raw/train/2/img_00064.png,2
data/raw/train/9/img_00063.png,9
data/raw/train/1/img_00067.png,1
data/raw/train/1/img_00068.png,1
data/raw/train/0/img_00065.png,0
data/raw/train/9/img_00064.png,9
data/raw/train/1/img_00069.png,1
data/raw/train/7/img_00057.png,7
data/raw/train/3/img_00052.png,3
data/raw/train/7/img_00058.png,7
data/raw/train/8/img_00054.png,8
data/raw/train/5/img_00051.png,5
data/raw/train/6/img_00057.png,6
data/raw/train/8/img_00055.png,8
data/raw/train/8/img_00056.png,8
data/raw/train/5/img_00052.png,5
data/raw/train/8/img_00057.png,8
data/raw/train/6/img_00058.png,6
data/raw/train/6/img_00059.png,6
data/raw/train/3/img_00053.png,3
data/raw/train/1/img_00070.png,1
data/raw/train/0/img_00066.png,0
data/raw/train/5/img_00053.png,5
data/raw/train/1/img_00071.png,1
data/raw/train/4/img_00061.png,4
data/raw/train/9/img_00065.png,9
data/raw/train/9/img_00066.png,9
data/raw/train/1/img_00072.png,1
data/raw/train/7/img_00059.png,7
data/raw/train/5/img_00054.png,5
data/raw/train/1/img_00073.png,1
data/raw/train/4/img_00062.png,4
data/raw/train/3/img_00054.png,3
data/raw/train/6/img_00060.png,6
data/raw/train/1/img_00074.png,1
data/raw/train/1/img_00075.png,1
data/raw/train/8/img_00058.png,8
data/raw/train/5/img_00055.png,5
data/raw/train/7/img_00060.png,7
data/raw/train/4/img_00063.png,4
data/raw/train/0/img_00067.png,0
data/raw/train/7/img_00061.png,7
data/raw/train/2/img_00065.png,2
data/raw/train/9/img_00067.png,9
data/raw/train/1/img_00076.png,1
data/raw/train/0/img_00068.png,0
data/raw/train/4/img_00064.png,4
data/raw/train/4/img_00065.png,4
data/raw/train/4/img_00066.png,4
data/raw/train/6/img_00061.png,6
data/raw/train/1/img_00077.png,1
data/raw/train/7/img_00062.png,7
data/raw/train/5/img_00056.png,5
data/raw/train/2/img_00066.png,2
data/raw/train/7/img_00063.png,7
data/raw/train/7/img_00064.png,7
data/raw/train/7/img_00065.png,7
data/raw/train/5/img_00057.png,5
data/raw/train/4/img_00067.png,4
data/raw/train/2/img_00067.png,2
data/raw/train/4/img_00068.png,4
data/raw/train/2/img_00068.png,2
data/raw/train/1/img_00078.png,1
data/raw/train/2/img_00069.png,2
data/raw/train/5/img_00058.png,5
data/raw/train/4/img_00069.png,4
data/raw/train/4/img_00070.png,4
data/raw/train/7/img_00066.png,7
data/raw/train/5/img_00059.png,5
data/raw/train/8/img_00059.png,8
data/raw/train/5/img_00060.png,5
data/raw/train/7/img_00067.png,7
data/raw/train/3/img_00055.png,3
data/raw/train/1/img_00079.png,1
data/raw/train/6/img_00062.png,6
data/raw/train/3/img_00056.png,3
data/raw/train/9/img_00068.png,9
data/raw/train/9/img_00069.png,9
data/raw/train/5/img_00061.png,5
data/raw/train/1/img_00080.png,1
data/raw/train/9/img_00070.png,9
data/raw/train/5/img_00062.png,5
data/raw/train/6/img_00063.png,6
data/raw/train/9/img_00071.png,9
data/raw/train/8/img_00060.png,8
data/raw/train/0/img_00069.png,0
data/raw/train/3/img_00057.png,3
data/raw/train/4/img_00071.png,4
data/raw/train/3/img_00058.png,3
data/raw/train/8/img_00061.png,8
data/raw/train/5/img_00063.png,5
data/raw/train/6/img_00064.png,6
data/raw/train/5/img_00064.png,5
data/raw/train/3/img_00059.png,3
data/raw/train/6/img_00065.png,6
data/raw/train/6/img_00066.png,6
data/raw/train/5/img_00065.png,5
data/raw/train/3/img_00060.png,3
data/raw/train/0/img_00070.png,0
data/raw/train/3/img_00061.png,3
data/raw/train/8/img_00062.png,8
data/raw/train/1/img_00081.png,1
data/raw/train/2/img_00070.png,2
data/raw/train/7/img_00068.png,7
data/raw/train/4/img_00072.png,4
data/raw/train/9/img_00072.png,9
data/raw/train/2/img_00071.png,2
data/raw/train/9/img_00073.png,9
data/raw/train/1/img_00082.png,1
data/raw/train/0/img_00071.png,0
data/raw/train/6/img_00067.png,6
data/raw/train/9/img_00074.png,9
data/raw/train/3/img_00062.png,3
data/raw/train/0/img_00072.png,0
data/raw/train/3/img_00063.png,3
data/raw/train/3/img_00064.png,3
data/raw/train/7/img_00069.png,7
data/raw/train/1/img_00083.png,1
data/raw/train/5/img_00066.png,5
data/raw/train/3/img_00065.png,3
data/raw/train/0/img_00073.png,0
data/raw/train/3/img_00066.png,3
data/raw/train/1/img_00084.png,1
data/raw/train/3/img_00067.png,3
data/raw/train/1/img_00085.png,1
data/raw/train/4/img_00073.png,4
data/raw/train/9/img_00075.png,9
data/raw/train/4/img_00074.png,4
data/raw/train/2/img_00072.png,2
data/raw/train/3/img_00068.png,3
data/raw/train/9/img_00076.png,9
data/raw/train/5/img_00067.png,5
data/raw/train/8/img_00063.png,8
data/raw/train/7/img_00070.png,7
data/raw/train/0/img_00074.png,0
data/raw/train/0/img_00075.png,0
data/raw/train/9/img_00077.png,9
data/raw/train/4/img_00075.png,4
data/raw/train/7/img_00071.png,7
data/raw/train/0/img_00076.png,0
data/raw/train/9/img_00078.png,9
data/raw/train/4/img_00076.png,4
data/raw/train/6/img_00068.png,6
data/raw/train/3/img_00069.png,3
data/raw/train/6/img_00069.png,6
data/raw/train/7/img_00072.png,7
data/raw/train/7/img_00073.png,7
data/raw/train/6/img_00070.png,6
data/raw/train/2/img_00073.png,2
data/raw/train/5/img_00068.png,5
data/raw/train/1/img_00086.png,1
data/raw/train/0/img_00077.png,0
data/raw/train/2/img_00074.png,2
data/raw/train/6/img_00071.png,6
data/raw/train/3/img_00070.png,3
data/raw/train/7/img_00074.png,7
data/raw/train/2/img_00075.png,2
data/raw/train/0/img_00078.png,0
data/raw/train/8/img_00064.png,8
data/raw/train/1/img_00087.png,1
data/raw/train/5/img_00069.png,5
data/raw/train/3/img_00071.png,3
data/raw/train/8/img_00065.png,8
data/raw/train/3/img_00072.png,3
data/raw/train/1/img_00088.png,1
data/raw/train/2/img_00076.png,2
data/raw/train/3/img_00073.png,3
data/raw/train/0/img_00079.png,0
data/raw/train/4/img_00077.png,4
data/raw/train/8/img_00066.png,8
data/raw/train/2/img_00077.png,2
data/raw/train/0/img_00080.png,0
data/raw/train/0/img_00081.png,0
data/raw/train/0/img_00082.png,0
data/raw/train/8/img_00067.png,8
data/raw/train/6/img_00072.png,6
data/raw/train/0/img_00083.png,0
data/raw/train/3/img_00074.png,3
data/raw/train/8/img_00068.png,8
data/raw/train/3/img_00075.png,3
data/raw/train/4/img_00078.png,4
data/raw/train/5/img_00070.png,5
data/raw/train/9/img_00079.png,9
data/raw/train/3/img_00076.png,3
data/raw/train/3/img_00077.png,3
data/raw/train/1/img_00089.png,1
data/raw/train/7/img_00075.png,7
data/raw/train/2/img_00078.png,2
data/raw/train/4/img_00079.png,4
data/raw/train/8/img_00069.png,8
data/raw/train/0/img_00084.png,0
data/raw/train/8/img_00070.png,8
data/raw/train/7/img_00076.png,7
data/raw/train/5/img_00071.png,5
data/raw/train/5/img_00072.png,5
data/raw/train/3/img_00078.png,3
data/raw/train/1/img_00090.png,1
data/raw/train/6/img_00073.png,6
data/raw/train/2/img_00079.png,2
data/raw/train/8/img_00071.png,8
data/raw/train/8/img_00072.png,8
data/raw/train/7/img_00077.png,7
data/raw/train/1/img_00091.png,1
data/raw/train/5/img_00073.png,5
data/raw/train/7/img_00078.png,7
data/raw/train/9/img_00080.png,9
data/raw/train/2/img_00080.png,2
data/raw/train/2/img_00081.png,2
data/raw/train/9/img_00081.png,9
data/raw/train/4/img_00080.png,4
data/raw/train/3/img_00079.png,3
data/raw/train/0/img_00085.png,0
data/raw/train/5/img_00074.png,5
data/raw/train/0/img_00086.png,0
data/raw/train/7/img_00079.png,7
data/raw/train/6/img_00074.png,6
data/raw/train/1/img_00092.png,1
data/raw/train/5/img_00075.png,5
data/raw/train/0/img_00087.png,0
data/raw/train/3/img_00080.png,3
data/raw/train/4/img_00081.png,4
data/raw/train/5/img_00076.png,5
data/raw/train/1/img_00093.png,1
data/raw/train/4/img_00082.png,4
data/raw/train/2/img_00082.png,2
data/raw/train/8/img_00073.png,8
data/raw/train/6/img_00075.png,6
data/raw/train/4/img_00083.png,4
data/raw/train/7/img_00080.png,7
data/raw/train/5/img_00077.png,5
data/raw/train/3/img_00081.png,3
data/raw/train/9/img_00082.png,9
data/raw/train/7/img_00081.png,7
data/raw/train/8/img_00074.png,8
data/raw/train/1/img_00094.png,1
data/raw/train/3/img_00082.png,3
data/raw/train/8/img_00075.png,8
data/raw/train/1/img_00095.png,1
data/raw/train/5/img_00078.png,5
data/raw/train/5/img_00079.png,5
data/raw/train/6/img_00076.png,6
data/raw/train/1/img_00096.png,1
data/raw/train/5/img_00080.png,5
data/raw/train/3/img_00083.png,3
data/raw/train/5/img_00081.png,5
data/raw/train/1/img_00097.png,1
data/raw/train/4/img_00084.png,4
data/raw/train/6/img_00077.png,6
data/raw/train/5/img_00082.png,5
data/raw/train/7/img_00082.png,7
data/raw/train/3/img_00084.png,3
data/raw/train/1/img_00098.png,1
data/raw/train/6/img_00078.png,6
data/raw/train/1/img_00099.png,1
data/raw/train/1/img_00100.png,1
data/raw/train/9/img_00083.png,9
data/raw/train/6/img_00079.png,6
data/raw/train/8/img_00076.png,8
data/raw/train/7/img_00083.png,7
data/raw/train/9/img_00084.png,9
data/raw/train/3/img_00085.png,3
data/raw/train/5/img_00083.png,5
data/raw/train/3/img_00086.png,3
data/raw/train/7/img_00084.png,7
data/raw/train/3/img_00087.png,3
data/raw/train/5/img_00084.png,5
data/raw/train/8/img_00077.png,8
data/raw/train/8/img_00078.png,8
data/raw/train/9/img_00085.png,9
data/raw/train/1/img_00101.png,1
data/raw/train/5/img_00085.png,5
data/raw/train/5/img_00086.png,5
data/raw/train/3/img_00088.png,3
data/raw/train/1/img_00102.png,1
data/raw/train/4/img_00085.png,4
data/raw/train/4/img_00086.png,4
data/raw/train/1/img_00103.png,1
data/raw/train/4/img_00087.png,4
data/raw/train/3/img_00089.png,3
data/raw/train/5/img_00087.png,5
data/raw/train/5/img_00088.png,5
data/raw/train/3/img_00090.png,3
data/raw/train/2/img_00083.png,2
data/raw/train/1/img_00104.png,1
data/raw/train/5/img_00089.png,5
data/raw/train/0/img_00088.png,0
data/raw/train/0/img_00089.png,0
data/raw/train/5/img_00090.png,5
data/raw/train/2/img_00084.png,2
data/raw/train/7/img_00085.png,7
data/raw/train/6/img_00080.png,6
data/raw/train/3/img_00091.png,3
data/raw/train/2/img_00085.png,2
data/raw/train/4/img_00088.png,4
data/raw/train/6/img_00081.png,6
data/raw/train/5/img_00091.png,5
data/raw/train/5/img_00092.png,5
data/raw/train/5/img_00093.png,5
data/raw/train/8/img_00079.png,8
data/raw/train/9/img_00086.png,9
data/raw/train/5/img_00094.png,5
data/raw/train/7/img_00086.png,7
data/raw/train/9/img_00087.png,9
data/raw/train/4/img_00089.png,4
data/raw/train/8/img_00080.png,8
data/raw/train/6/img_00082.png,6
data/raw/train/3/img_00092.png,3
data/raw/train/6/img_00083.png,6
data/raw/train/3/img_00093.png,3
data/raw/train/5/img_00095.png,5
data/raw/train/7/img_00087.png,7
data/raw/train/6/img_00084.png,6
data/raw/train/0/img_00090.png,0
data/raw/train/6/img_00085.png,6
data/raw/train/0/img_00091.png,0
data/raw/train/6/img_00086.png,6
data/raw/train/0/img_00092.png,0
data/raw/train/9/img_00088.png,9
data/raw/train/4/img_00090.png,4
data/raw/train/7/img_00088.png,7
data/raw/train/0/img_00093.png,0
data/raw/train/4/img_00091.png,4
data/raw/train/4/img_00092.png,4
data/raw/train/1/img_00105.png,1
data/raw/train/1/img_00106.png,1
data/raw/train/2/img_00086.png,2
data/raw/train/1/img_00107.png,1
data/raw/train/5/img_00096.png,5
data/raw/train/0/img_00094.png,0
data/raw/train/5/img_00097.png,5
data/raw/train/1/img_00108.png,1
data/raw/train/5/img_00098.png,5
data/raw/train/2/img_00087.png,2
data/raw/train/4/img_00093.png,4
data/raw/train/6/img_00087.png,6
data/raw/train/3/img_00094.png,3
data/raw/train/5/img_00099.png,5
data/raw/train/8/img_00081.png,8
data/raw/train/9/img_00089.png,9
data/raw/train/5/img_00100.png,5
data/raw/train/6/img_00088.png,6
data/raw/train/8/img_00082.png,8
data/raw/train/6/img_00089.png,6
data/raw/train/4/img_00094.png,4
data/raw/train/4/img_00095.png,4
data/raw/train/2/img_00088.png,2
data/raw/train/7/img_00089.png,7
data/raw/train/9/img_00090.png,9
data/raw/train/5/img_00101.png,5
data/raw/train/5/img_00102.png,5
data/raw/train/0/img_00095.png,0
data/raw/train/6/img_00090.png,6
data/raw/train/3/img_00095.png,3
data/raw/train/0/img_00096.png,0
data/raw/train/0/img_00097.png,0
data/raw/train/7/img_00090.png,7
data/raw/train/8/img_00083.png,8
data/raw/train/6/img_00091.png,6
data/raw/train/5/img_00103.png,5
data/raw/train/1/img_00109.png,1
data/raw/train/5/img_00104.png,5
data/raw/train/5/img_00105.png,5
data/raw/train/0/img_00098.png,0
data/raw/train/6/img_00092.png,6
data/raw/train/9/img_00091.png,9
data/raw/train/8/img_00084.png,8
data/raw/train/7/img_00091.png,7
data/raw/train/8/img_00085.png,8
data/raw/train/1/img_00110.png,1
data/raw/train/7/img_00092.png,7
data/raw/train/4/img_00096.png,4
data/raw/train/6/img_00093.png,6
data/raw/train/5/img_00106.png,5
data/raw/train/9/img_00092.png,9
data/raw/train/8/img_00086.png,8
data/raw/train/9/img_00093.png,9
data/raw/train/7/img_00093.png,7
data/raw/train/4/img_00097.png,4
data/raw/train/4/img_00098.png,4
data/raw/train/7/img_00094.png,7
data/raw/train/3/img_00096.png,3
data/raw/train/1/img_00111.png,1
data/raw/train/3/img_00097.png,3
data/raw/train/3/img_00098.png,3
data/raw/train/8/img_00087.png,8
data/raw/train/6/img_00094.png,6
data/raw/train/6/img_00095.png,6
data/raw/train/5/img_00107.png,5
data/raw/train/0/img_00099.png,0
data/raw/train/1/img_00112.png,1
data/raw/train/4/img_00099.png,4
data/raw/train/9/img_00094.png,9
data/raw/train/0/img_00100.png,0
data/raw/train/1/img_00113.png,1
data/raw/train/7/img_00095.png,7
data/raw/train/5/img_00108.png,5
data/raw/train/7/img_00096.png,7
data/raw/train/2/img_00089.png,2
data/raw/train/7/img_00097.png,7
data/raw/train/8/img_00088.png,8
data/raw/train/0/img_00101.png,0
data/raw/train/1/img_00114.png,1
data/raw/train/3/img_00099.png,3
data/raw/train/5/img_00109.png,5
data/raw/train/9/img_00095.png,9
data/raw/train/6/img_00096.png,6
data/raw/train/7/img_00098.png,7
data/raw/train/3/img_00100.png,3
data/raw/train/0/img_00102.png,0
data/raw/train/4/img_00100.png,4
data/raw/train/7/img_00099.png,7
data/raw/train/1/img_00115.png,1
data/raw/train/5/img_00110.png,5
data/raw/train/0/img_00103.png,0
data/raw/train/4/img_00101.png,4
data/raw/train/4/img_00102.png,4
data/raw/train/8/img_00089.png,8
data/raw/train/3/img_00101.png,3
data/raw/train/0/img_00104.png,0
data/raw/train/2/img_00090.png,2
data/raw/train/2/img_00091.png,2
data/raw/train/2/img_00092.png,2
data/raw/train/8/img_00090.png,8
data/raw/train/0/img_00105.png,0
data/raw/train/9/img_00096.png,9
data/raw/train/1/img_00116.png,1
data/raw/train/8/img_00091.png,8
data/raw/train/3/img_00102.png,3
data/raw/train/1/img_00117.png,1
data/raw/train/3/img_00103.png,3
data/raw/train/1/img_00118.png,1
data/raw/train/6/img_00097.png,6
data/raw/train/5/img_00111.png,5
data/raw/train/3/img_00104.png,3
data/raw/train/0/img_00106.png,0
data/raw/train/5/img_00112.png,5
data/raw/train/5/img_00113.png,5
data/raw/train/1/img_00119.png,1
data/raw/train/6/img_00098.png,6
data/raw/train/2/img_00093.png,2
data/raw/train/5/img_00114.png,5
data/raw/train/7/img_00100.png,7
data/raw/train/6/img_00099.png,6
data/raw/train/7/img_00101.png,7
data/raw/train/2/img_00094.png,2
data/raw/train/0/img_00107.png,0
data/raw/train/0/img_00108.png,0
data/raw/train/2/img_00095.png,2
data/raw/train/0/img_00109.png,0
data/raw/train/9/img_00097.png,9
data/raw/train/8/img_00092.png,8
data/raw/train/8/img_00093.png,8
data/raw/train/4/img_00103.png,4
data/raw/train/2/img_00096.png,2
data/raw/train/1/img_00120.png,1
data/raw/train/2/img_00097.png,2
data/raw/train/0/img_00110.png,0
data/raw/train/1/img_00121.png,1
data/raw/train/7/img_00102.png,7
data/raw/train/9/img_00098.png,9
data/raw/train/7/img_00103.png,7
data/raw/train/3/img_00105.png,3
data/raw/train/6/img_00100.png,6
data/raw/train/5/img_00115.png,5
data/raw/train/3/img_00106.png,3
data/raw/train/1/img_00122.png,1
data/raw/train/8/img_00094.png,8
data/raw/train/7/img_00104.png,7
data/raw/train/1/img_00123.png,1
data/raw/train/1/img_00124.png,1
data/raw/train/1/img_00125.png,1
data/raw/train/7/img_00105.png,7
data/raw/train/4/img_00104.png,4
data/raw/train/7/img_00106.png,7
data/raw/train/9/img_00099.png,9
data/raw/train/7/img_00107.png,7
data/raw/train/6/img_00101.png,6
data/raw/train/6/img_00102.png,6
data/raw/train/5/img_00116.png,5
data/raw/train/4/img_00105.png,4
data/raw/train/9/img_00100.png,9
data/raw/train/0/img_00111.png,0
data/raw/train/0/img_00112.png,0
data/raw/train/5/img_00117.png,5
data/raw/train/0/img_00113.png,0
data/raw/train/4/img_00106.png,4
data/raw/train/2/img_00098.png,2
data/raw/train/4/img_00107.png,4
data/raw/train/6/img_00103.png,6
data/raw/train/7/img_00108.png,7
data/raw/train/8/img_00095.png,8
data/raw/train/3/img_00107.png,3
data/raw/train/9/img_00101.png,9
data/raw/train/5/img_00118.png,5
data/raw/train/1/img_00126.png,1
data/raw/train/9/img_00102.png,9
data/raw/train/3/img_00108.png,3
data/raw/train/3/img_00109.png,3
data/raw/train/5/img_00119.png,5
data/raw/train/2/img_00099.png,2
data/raw/train/9/img_00103.png,9
data/raw/train/9/img_00104.png,9
data/raw/train/2/img_00100.png,2
data/raw/train/8/img_00096.png,8
data/raw/train/4/img_00108.png,4
data/raw/train/7/img_00109.png,7
data/raw/train/2/img_00101.png,2
data/raw/train/4/img_00109.png,4
data/raw/train/7/img_00110.png,7
data/raw/train/0/img_00114.png,0
data/raw/train/9/img_00105.png,9
data/raw/train/1/img_00127.png,1
data/raw/train/1/img_00128.png,1
data/raw/train/5/img_00120.png,5
data/raw/train/6/img_00104.png,6
data/raw/train/5/img_00121.png,5
data/raw/train/2/img_00102.png,2
data/raw/train/9/img_00106.png,9
data/raw/train/2/img_00103.png,2
data/raw/train/9/img_00107.png,9
data/raw/train/2/img_00104.png,2
data/raw/train/2/img_00105.png,2
data/raw/train/6/img_00105.png,6
data/raw/train/0/img_00115.png,0
data/raw/train/3/img_00110.png,3
data/raw/train/9/img_00108.png,9
data/raw/train/4/img_00110.png,4
data/raw/train/2/img_00106.png,2
data/raw/train/3/img_00111.png,3
data/raw/train/3/img_00112.png,3
data/raw/train/3/img_00113.png,3
data/raw/train/8/img_00097.png,8
data/raw/train/2/img_00107.png,2
data/raw/train/2/img_00108.png,2
data/raw/train/7/img_00111.png,7
data/raw/train/1/img_00129.png,1
data/raw/train/0/img_00116.png,0
data/raw/train/6/img_00106.png,6
data/raw/train/8/img_00098.png,8
data/raw/train/2/img_00109.png,2
data/raw/train/9/img_00109.png,9
data/raw/train/7/img_00112.png,7
data/raw/train/5/img_00122.png,5
data/raw/train/6/img_00107.png,6
data/raw/train/7/img_00113.png,7
data/raw/train/0/img_00117.png,0
data/raw/train/8/img_00099.png,8
data/raw/train/5/img_00123.png,5
data/raw/train/8/img_00100.png,8
data/raw/train/8/img_00101.png,8
data/raw/train/5/img_00124.png,5
data/raw/train/8/img_00102.png,8
data/raw/train/0/img_00118.png,0
data/raw/train/5/img_00125.png,5
data/raw/train/1/img_00130.png,1
data/raw/train/9/img_00110.png,9
data/raw/train/8/img_00103.png,8
data/raw/train/5/img_00126.png,5
data/raw/train/4/img_00111.png,4
data/raw/train/9/img_00111.png,9
data/raw/train/9/img_00112.png,9
data/raw/train/1/img_00131.png,1
data/raw/train/8/img_00104.png,8
data/raw/train/6/img_00108.png,6
data/raw/train/7/img_00114.png,7
data/raw/train/0/img_00119.png,0
data/raw/train/3/img_00114.png,3
data/raw/train/7/img_00115.png,7
data/raw/train/0/img_00120.png,0
data/raw/train/8/img_00105.png,8
data/raw/train/2/img_00110.png,2
data/raw/train/7/img_00116.png,7
data/raw/train/0/img_00121.png,0
data/raw/train/1/img_00132.png,1
data/raw/train/0/img_00122.png,0
data/raw/train/3/img_00115.png,3
data/raw/train/9/img_00113.png,9
data/raw/train/9/img_00114.png,9
data/raw/train/9/img_00115.png,9
data/raw/train/8/img_00106.png,8
data/raw/train/9/img_00116.png,9
data/raw/train/8/img_00107.png,8
data/raw/train/3/img_00116.png,3
data/raw/train/3/img_00117.png,3
data/raw/train/7/img_00117.png,7
data/raw/train/9/img_00117.png,9
data/raw/train/1/img_00133.png,1
data/raw/train/1/img_00134.png,1
data/raw/train/4/img_00112.png,4
data/raw/train/2/img_00111.png,2
data/raw/train/8/img_00108.png,8
data/raw/train/3/img_00118.png,3
data/raw/train/6/img_00109.png,6
data/raw/train/2/img_00112.png,2
data/raw/train/7/img_00118.png,7
data/raw/train/7/img_00119.png,7
data/raw/train/1/img_00135.png,1
data/raw/train/2/img_00113.png,2
data/raw/train/3/img_00119.png,3
data/raw/train/8/img_00109.png,8
data/raw/train/1/img_00136.png,1
data/raw/train/6/img_00110.png,6
data/raw/train/0/img_00123.png,0
data/raw/train/5/img_00127.png,5
data/raw/train/8/img_00110.png,8
data/raw/train/8/img_00111.png,8
data/raw/train/4/img_00113.png,4
data/raw/train/1/img_00137.png,1
data/raw/train/2/img_00114.png,2
data/raw/train/2/img_00115.png,2
data/raw/train/3/img_00120.png,3
data/raw/train/3/img_00121.png,3
data/raw/train/9/img_00118.png,9
data/raw/train/6/img_00111.png,6
data/raw/train/7/img_00120.png,7
data/raw/train/0/img_00124.png,0
data/raw/train/3/img_00122.png,3
data/raw/train/9/img_00119.png,9
data/raw/train/4/img_00114.png,4
data/raw/train/6/img_00112.png,6
data/raw/train/2/img_00116.png,2
data/raw/train/0/img_00125.png,0
data/raw/train/2/img_00117.png,2
data/raw/train/7/img_00121.png,7
data/raw/train/5/img_00128.png,5
data/raw/train/0/img_00126.png,0
data/raw/train/4/img_00115.png,4
data/raw/train/3/img_00123.png,3
data/raw/train/4/img_00116.png,4
data/raw/train/2/img_00118.png,2
data/raw/train/6/img_00113.png,6
data/raw/train/8/img_00112.png,8
data/raw/train/5/img_00129.png,5
data/raw/train/1/img_00138.png,1
data/raw/train/9/img_00120.png,9
data/raw/train/8/img_00113.png,8
data/raw/train/7/img_00122.png,7
data/raw/train/0/img_00127.png,0
data/raw/train/6/img_00114.png,6
data/raw/train/2/img_00119.png,2
data/raw/train/6/img_00115.png,6
data/raw/train/4/img_00117.png,4
data/raw/train/2/img_00120.png,2
data/raw/train/4/img_00118.png,4
data/raw/train/9/img_00121.png,9
data/raw/train/4/img_00119.png,4
data/raw/train/6/img_00116.png,6
data/raw/train/8/img_00114.png,8
data/raw/train/2/img_00121.png,2
data/raw/train/4/img_00120.png,4
data/raw/train/8/img_00115.png,8
data/raw/train/8/img_00116.png,8
data/raw/train/1/img_00139.png,1
data/raw/train/9/img_00122.png,9
data/raw/train/4/img_00121.png,4
data/raw/train/2/img_00122.png,2
data/raw/train/2/img_00123.png,2
data/raw/train/6/img_00117.png,6
data/raw/train/5/img_00130.png,5
data/raw/train/3/img_00124.png,3
data/raw/train/0/img_00128.png,0
data/raw/train/0/img_00129.png,0
data/raw/train/8/img_00117.png,8
data/raw/train/7/img_00123.png,7
data/raw/train/6/img_00118.png,6
data/raw/train/3/img_00125.png,3
data/raw/train/9/img_00123.png,9
data/raw/train/6/img_00119.png,6
data/raw/train/9/img_00124.png,9
data/raw/train/3/img_00126.png,3
data/raw/train/9/img_00125.png,9
data/raw/train/6/img_00120.png,6
data/raw/train/5/img_00131.png,5
data/raw/train/8/img_00118.png,8
data/raw/train/5/img_00132.png,5
data/raw/train/9/img_00126.png,9
data/raw/train/1/img_00140.png,1
data/raw/train/7/img_00124.png,7
data/raw/train/9/img_00127.png,9
data/raw/train/7/img_00125.png,7
data/raw/train/5/img_00133.png,5
data/raw/train/0/img_00130.png,0
data/raw/train/1/img_00141.png,1
data/raw/train/9/img_00128.png,9
data/raw/train/1/img_00142.png,1
data/raw/train/9/img_00129.png,9
data/raw/train/1/img_00143.png,1
data/raw/train/7/img_00126.png,7
data/raw/train/5/img_00134.png,5
data/raw/train/0/img_00131.png,0
data/raw/train/9/img_00130.png,9
data/raw/train/3/img_00127.png,3
data/raw/train/9/img_00131.png,9
data/raw/train/8/img_00119.png,8
data/raw/train/5/img_00135.png,5
data/raw/train/6/img_00121.png,6
data/raw/train/6/img_00122.png,6
data/raw/train/0/img_00132.png,0
data/raw/train/7/img_00127.png,7
data/raw/train/7/img_00128.png,7
data/raw/train/3/img_00128.png,3
data/raw/train/4/img_00122.png,4
data/raw/train/0/img_00133.png,0
data/raw/train/8/img_00120.png,8
data/raw/train/7/img_00129.png,7
data/raw/train/9/img_00132.png,9
data/raw/train/3/img_00129.png,3
data/raw/train/1/img_00144.png,1
data/raw/train/7/img_00130.png,7
data/raw/train/8/img_00121.png,8
data/raw/train/9/img_00133.png,9
data/raw/train/8/img_00122.png,8
data/raw/train/1/img_00145.png,1
data/raw/train/8/img_00123.png,8
data/raw/train/7/img_00131.png,7
data/raw/train/7/img_00132.png,7
data/raw/train/5/img_00136.png,5
data/raw/train/2/img_00124.png,2
data/raw/train/8/img_00124.png,8
data/raw/train/4/img_00123.png,4
data/raw/train/8/img_00125.png,8
data/raw/train/2/img_00125.png,2
data/raw/train/9/img_00134.png,9
data/raw/train/4/img_00124.png,4
data/raw/train/0/img_00134.png,0
data/raw/train/3/img_00130.png,3
data/raw/train/8/img_00126.png,8
data/raw/train/4/img_00125.png,4
data/raw/train/2/img_00126.png,2
data/raw/train/4/img_00126.png,4
data/raw/train/6/img_00123.png,6
data/raw/train/9/img_00135.png,9
data/raw/train/4/img_00127.png,4
data/raw/train/2/img_00127.png,2
data/raw/train/6/img_00124.png,6
data/raw/train/2/img_00128.png,2
data/raw/train/9/img_00136.png,9
data/raw/train/8/img_00127.png,8
data/raw/train/1/img_00146.png,1
data/raw/train/2/img_00129.png,2
data/raw/train/9/img_00137.png,9
data/raw/train/7/img_00133.png,7
data/raw/train/3/img_00131.png,3
data/raw/train/7/img_00134.png,7
data/raw/train/3/img_00132.png,3
data/raw/train/2/img_00130.png,2
data/raw/train/9/img_00138.png,9
data/raw/train/1/img_00147.png,1
data/raw/train/3/img_00133.png,3
data/raw/train/6/img_00125.png,6
data/raw/train/4/img_00128.png,4
data/raw/train/6/img_00126.png,6
data/raw/train/5/img_00137.png,5
data/raw/train/0/img_00135.png,0
data/raw/train/3/img_00134.png,3
data/raw/train/9/img_00139.png,9
data/raw/train/2/img_00131.png,2
data/raw/train/3/img_00135.png,3
data/raw/train/1/img_00148.png,1
data/raw/train/1/img_00149.png,1
data/raw/train/6/img_00127.png,6
data/raw/train/8/img_00128.png,8
data/raw/train/1/img_00150.png,1
data/raw/train/2/img_00132.png,2
data/raw/train/8/img_00129.png,8
data/raw/train/8/img_00130.png,8
data/raw/train/0/img_00136.png,0
data/raw/train/2/img_00133.png,2
data/raw/train/7/img_00135.png,7
data/raw/train/3/img_00136.png,3
data/raw/train/8/img_00131.png,8
data/raw/train/9/img_00140.png,9
data/raw/train/4/img_00129.png,4
data/raw/train/7/img_00136.png,7
data/raw/train/2/img_00134.png,2
data/raw/train/8/img_00132.png,8
data/raw/train/0/img_00137.png,0
data/raw/train/2/img_00135.png,2
data/raw/train/6/img_00128.png,6
data/raw/train/0/img_00138.png,0
data/raw/train/7/img_00137.png,7
data/raw/train/4/img_00130.png,4
data/raw/train/0/img_00139.png,0
data/raw/train/0/img_00140.png,0
data/raw/train/2/img_00136.png,2
data/raw/train/3/img_00137.png,3
data/raw/train/5/img_00138.png,5
data/raw/train/9/img_00141.png,9
data/raw/train/3/img_00138.png,3
data/raw/train/4/img_00131.png,4
data/raw/train/8/img_00133.png,8
data/raw/train/2/img_00137.png,2
data/raw/train/6/img_00129.png,6
data/raw/train/8/img_00134.png,8
data/raw/train/4/img_00132.png,4
data/raw/train/0/img_00141.png,0
data/raw/train/2/img_00138.png,2
data/raw/train/4/img_00133.png,4
data/raw/train/9/img_00142.png,9
data/raw/train/6/img_00130.png,6
data/raw/train/3/img_00139.png,3
data/raw/train/8/img_00135.png,8
data/raw/train/1/img_00151.png,1
data/raw/train/3/img_00140.png,3
data/raw/train/9/img_00143.png,9
data/raw/train/7/img_00138.png,7
data/raw/train/1/img_00152.png,1
data/raw/train/4/img_00134.png,4
data/raw/train/8/img_00136.png,8
data/raw/train/6/img_00131.png,6
data/raw/train/2/img_00139.png,2
data/raw/train/8/img_00137.png,8
data/raw/train/3/img_00141.png,3
data/raw/train/8/img_00138.png,8
data/raw/train/1/img_00153.png,1
data/raw/train/8/img_00139.png,8
data/raw/train/4/img_00135.png,4
data/raw/train/5/img_00139.png,5
data/raw/train/7/img_00139.png,7
data/raw/train/2/img_00140.png,2
data/raw/train/3/img_00142.png,3
data/raw/train/6/img_00132.png,6
data/raw/train/3/img_00143.png,3
data/raw/train/6/img_00133.png,6
data/raw/train/4/img_00136.png,4
data/raw/train/7/img_00140.png,7
data/raw/train/6/img_00134.png,6
data/raw/train/2/img_00141.png,2
data/raw/train/5/img_00140.png,5
data/raw/train/4/img_00137.png,4
data/raw/train/4/img_00138.png,4
data/raw/train/3/img_00144.png,3
data/raw/train/4/img_00139.png,4
data/raw/train/7/img_00141.png,7
data/raw/train/9/img_00144.png,9
data/raw/train/3/img_00145.png,3
data/raw/train/4/img_00140.png,4
data/raw/train/3/img_00146.png,3
data/raw/train/1/img_00154.png,1
data/raw/train/6/img_00135.png,6
data/raw/train/5/img_00141.png,5
data/raw/train/0/img_00142.png,0
data/raw/train/5/img_00142.png,5
data/raw/train/7/img_00142.png,7
data/raw/train/7/img_00143.png,7
data/raw/train/6/img_00136.png,6
data/raw/train/3/img_00147.png,3
data/raw/train/4/img_00141.png,4
data/raw/train/0/img_00143.png,0
data/raw/train/9/img_00145.png,9
data/raw/train/5/img_00143.png,5
data/raw/train/9/img_00146.png,9
data/raw/train/6/img_00137.png,6
data/raw/train/4/img_00142.png,4
data/raw/train/0/img_00144.png,0
data/raw/train/3/img_00148.png,3
data/raw/train/4/img_00143.png,4
data/raw/train/2/img_00142.png,2
data/raw/train/6/img_00138.png,6
data/raw/train/0/img_00145.png,0
data/raw/train/3/img_00149.png,3
data/raw/train/6/img_00139.png,6
data/raw/train/9/img_00147.png,9
data/raw/train/4/img_00144.png,4
data/raw/train/8/img_00140.png,8
data/raw/train/7/img_00144.png,7
data/raw/train/5/img_00144.png,5
data/raw/train/9/img_00148.png,9
data/raw/train/9/img_00149.png,9
data/raw/train/3/img_00150.png,3
data/raw/train/8/img_00141.png,8
data/raw/train/8/img_00142.png,8
data/raw/train/7/img_00145.png,7
data/raw/train/8/img_00143.png,8
data/raw/train/6/img_00140.png,6
data/raw/train/0/img_00146.png,0
data/raw/train/5/img_00145.png,5
data/raw/train/1/img_00155.png,1
data/raw/train/2/img_00143.png,2
data/raw/train/7/img_00146.png,7
data/raw/train/1/img_00156.png,1
data/raw/train/5/img_00146.png,5
data/raw/train/0/img_00147.png,0
data/raw/train/5/img_00147.png,5
data/raw/train/6/img_00141.png,6
data/raw/train/7/img_00147.png,7
data/raw/train/8/img_00144.png,8
data/raw/train/8/img_00145.png,8
data/raw/train/2/img_00144.png,2
data/raw/train/8/img_00146.png,8
data/raw/train/0/img_00148.png,0
data/raw/train/4/img_00145.png,4
data/raw/train/9/img_00150.png,9
data/raw/train/0/img_00149.png,0
data/raw/train/4/img_00146.png,4
data/raw/train/9/img_00151.png,9
data/raw/train/0/img_00150.png,0
data/raw/train/7/img_00148.png,7
data/raw/train/9/img_00152.png,9
data/raw/train/7/img_00149.png,7
data/raw/train/4/img_00147.png,4
data/raw/train/9/img_00153.png,9
data/raw/train/2/img_00145.png,2
data/raw/train/6/img_00142.png,6
data/raw/train/6/img_00143.png,6
data/raw/train/8/img_00147.png,8
data/raw/train/4/img_00148.png,4
data/raw/train/2/img_00146.png,2
data/raw/train/0/img_00151.png,0
data/raw/train/4/img_00149.png,4
data/raw/train/2/img_00147.png,2
data/raw/train/0/img_00152.png,0
data/raw/train/4/img_00150.png,4
data/raw/train/4/img_00151.png,4
data/raw/train/2/img_00148.png,2
data/raw/train/7/img_00150.png,7
data/raw/train/7/img_00151.png,7
data/raw/train/2/img_00149.png,2
data/raw/train/6/img_00144.png,6
data/raw/train/3/img_00151.png,3
data/raw/train/2/img_00150.png,2
data/raw/train/0/img_00153.png,0
data/raw/train/6/img_00145.png,6
data/raw/train/2/img_00151.png,2
data/raw/train/5/img_00148.png,5
data/raw/train/2/img_00152.png,2
data/raw/train/3/img_00152.png,3
data/raw/train/8/img_00148.png,8
data/raw/train/2/img_00153.png,2
data/raw/train/5/img_00149.png,5
data/raw/train/0/img_00154.png,0
data/raw/train/4/img_00152.png,4
data/raw/train/8/img_00149.png,8
data/raw/train/6/img_00146.png,6
data/raw/train/8/img_00150.png,8
data/raw/train/1/img_00157.png,1
data/raw/train/7/img_00152.png,7
data/raw/train/0/img_00155.png,0
data/raw/train/4/img_00153.png,4
data/raw/train/7/img_00153.png,7
data/raw/train/7/img_00154.png,7
data/raw/train/3/img_00153.png,3
data/raw/train/2/img_00154.png,2
data/raw/train/9/img_00154.png,9
data/raw/train/5/img_00150.png,5
data/raw/train/2/img_00155.png,2
data/raw/train/0/img_00156.png,0
data/raw/train/6/img_00147.png,6
data/raw/train/5/img_00151.png,5
data/raw/train/6/img_00148.png,6
data/raw/train/5/img_00152.png,5
data/raw/train/6/img_00149.png,6
data/raw/train/6/img_00150.png,6
data/raw/train/5/img_00153.png,5
data/raw/train/8/img_00151.png,8
data/raw/train/0/img_00157.png,0
data/raw/train/1/img_00158.png,1
data/raw/train/9/img_00155.png,9
data/raw/train/4/img_00154.png,4
data/raw/train/1/img_00159.png,1
data/raw/train/9/img_00156.png,9
data/raw/train/9/img_00157.png,9
data/raw/train/3/img_00154.png,3
data/raw/train/5/img_00154.png,5
data/raw/train/5/img_00155.png,5
data/raw/train/0/img_00158.png,0
data/raw/train/4/img_00155.png,4
data/raw/train/6/img_00151.png,6
data/raw/train/6/img_00152.png,6
data/raw/train/4/img_00156.png,4
data/raw/train/2/img_00156.png,2
data/raw/train/5/img_00156.png,5
data/raw/train/8/img_00152.png,8
data/raw/train/8/img_00153.png,8
data/raw/train/8/img_00154.png,8
data/raw/train/5/img_00157.png,5
data/raw/train/8/img_00155.png,8
data/raw/train/6/img_00153.png,6
data/raw/train/2/img_00157.png,2
data/raw/train/9/img_00158.png,9
data/raw/train/9/img_00159.png,9
data/raw/train/0/img_00159.png,0
data/raw/train/3/img_00155.png,3
data/raw/train/7/img_00155.png,7
data/raw/train/8/img_00156.png,8
data/raw/train/8/img_00157.png,8
data/raw/train/6/img_00154.png,6
data/raw/train/3/img_00156.png,3
data/raw/train/7/img_00156.png,7
data/raw/train/3/img_00157.png,3
data/raw/train/3/img_00158.png,3
data/raw/train/4/img_00157.png,4
data/raw/train/4/img_00158.png,4
data/raw/train/6/img_00155.png,6
data/raw/train/7/img_00157.png,7
data/raw/train/3/img_00159.png,3
data/raw/train/4/img_00159.png,4
data/raw/train/6/img_00156.png,6
data/raw/train/7/img_00158.png,7
data/raw/train/2/img_00158.png,2
data/raw/train/6/img_00157.png,6
data/raw/train/8/img_00158.png,8
data/raw/train/6/img_00158.png,6
data/raw/train/8/img_00159.png,8
data/raw/train/7/img_00159.png,7
data/raw/train/6/img_00159.png,6
data/raw/train/5/img_00158.png,5
data/raw/train/5/img_00159.png,5
data/raw/train/2/img_00159.png,2
